{"Average number of words per conversation: ": 246, "Average number of words per utterance: ": 35.142857142857146, "Evenness: ": 84.22712190355804}