{"Average number of words per conversation: ": 1940, "Average number of words per utterance: ": 138.57142857142858, "Evenness: ": 80.35617891198822}