{"Average number of words per conversation: ": 263, "Average number of words per utterance: ": 18.785714285714285, "Evenness: ": 40.460381212406524}